id;начальная ставка;депозит после выигрыша;Время;порядковый номер выигрышного шага
28;0,20;20,2140;25 21:21;4
55;0,20;20,4280;25 21:27;4
127;0,20;20,9080;25 21:51;1
171;0,20;21,3880;25 22:04;1
222;0,21;21,6820;25 22:22;2
246;0,21;21,9040;25 22:30;4
363;0,21;22,1260;25 23:12;4
403;0,22;22,3560;25 23:25;8
564;0,22;22,6640;26 00:24;2
709;0,22;23,1920;26 01:14;1
812;0,23;23,7440;26 01:53;1
853;0,23;24,0660;26 02:06;2
943;0,24;24,6420;26 02:38;1
1057;0,24;24,8820;26 03:15;3
1069;0,24;25,2180;26 03:18;2
1163;0,25;25,8180;26 03:47;1
1214;0,25;26,1680;26 04:03;2
1289;0,26;26,7920;26 04:30;1
1354;0,26;27,0680;26 04:52;6
1421;0,27;27,3580;26 05:16;10
1557;0,27;27,6380;26 05:59;9
1763;0,27;27,9100;26 07:08;5
2094;0,27;28,1820;26 09:07;4
2114;0,28;28,8540;26 09:13;1
2212;0,28;29,5260;26 09:46;1
2444;0,29;30,2220;26 11:05;1
2460;0,30;30,5340;26 11:11;6
2521;0,30;31,2540;26 11:32;1
2633;0,31;31,5700;26 12:12;3
2809;0,31;31,8860;26 13:19;3
2827;0,31;32,2100;26 13:25;6
2864;0,32;32,5300;26 13:36;3
2890;0,32;32,8500;26 13:45;3
3173;0,32;33,1900;26 15:26;6
3195;0,33;33,9820;26 15:36;1
3223;0,33;34,3140;26 15:45;7
3298;0,34;34,6660;26 16:13;7
3386;0,34;35,4820;26 16:44;1
3480;0,35;35,8540;26 17:22;4
3584;0,35;36,2200;26 18:04;5
3736;0,36;37,0840;26 19:01;1
3863;0,37;37,9720;26 19:55;1
3879;0,37;38,8600;26 20:02;1
4018;0,38;39,3920;26 20:59;2
4208;0,39;39,7880;26 22:16;3
4254;0,39;40,1840;26 22:33;3
4278;0,40;40,5880;26 22:39;4
4379;0,40;41,1480;26 23:16;2
4483;0,41;42,1320;26 23:53;1
4641;0,42;42,5520;27 00:50;6
4755;0,42;42,9900;27 01:27;8
4778;0,42;43,5780;27 01:33;2
4850;0,43;44,0260;27 01:58;4
5157;0,44;45,0820;27 03:43;1
5214;0,45;45,7120;27 04:01;2
5233;0,45;46,7920;27 04:07;1
5501;0,46;47,8960;27 05:38;1
5583;0,47;48,3720;27 06:06;3
5805;0,48;49,5240;27 07:31;1
5901;0,49;50,7000;27 08:02;1
6109;0,50;51,2060;27 09:21;4
6135;0,51;51,9200;27 09:32;2
6285;0,51;52,4520;27 10:24;6
6345;0,52;52,9900;27 10:42;12
6484;0,52;54,2380;27 11:36;1
6528;0,54;55,5340;27 11:49;1
6783;0,55;56,0900;27 13:23;3
6798;0,56;57,4340;27 13:26;1
6829;0,57;58,0100;27 13:38;5
6877;0,58;58,5920;27 13:53;4
6888;0,58;59,9840;27 13:57;1
6934;0,59;60,5940;27 14:14;9
6959;0,60;62,0340;27 14:23;1
7011;0,62;62,6660;27 14:42;3
7135;0,62;63,5340;27 15:27;2
7301;0,63;64,4160;27 16:28;2
7414;0,64;65,3120;27 17:07;2
7468;0,65;65,9800;27 17:23;9
7558;0,65;66,8900;27 17:56;2
7869;0,66;67,5720;27 19:52;4
7891;0,67;69,1800;27 19:58;1
7921;0,69;70,8360;27 20:07;1
8023;0,70;71,5480;27 20:43;3
8201;0,71;73,2520;27 21:49;1
8420;0,73;75,0040;27 23:08;1
8476;0,75;76,8040;27 23:26;1
8555;0,76;77,5780;27 23:54;6
8912;0,77;79,4260;28 01:59;1
8986;0,79;80,2220;28 02:23;3
9097;0,80;82,1420;28 02:59;1
9120;0,82;83,2900;28 03:05;2
9172;0,83;84,4520;28 03:23;2
9244;0,84;85,3080;28 03:48;7
9295;0,85;86,4980;28 04:06;2
9365;0,86;87,3700;28 04:33;3
9460;0,87;88,2520;28 05:01;8
9502;0,88;89,1320;28 05:16;3
9562;0,89;91,2680;28 05:37;1
9670;0,91;93,4520;28 06:13;1
9747;0,93;94,4000;28 06:41;3
9770;0,94;96,6560;28 06:50;1
9790;0,96;97,6160;28 06:56;3
9810;0,97;98,9740;28 07:00;2
9945;0,98;100,3460;28 07:48;2
10082;1,00;101,3460;28 08:37;7
10141;1,01;102,3760;28 08:57;4
10183;1,02;104,8240;28 09:10;1
10385;1,04;106,2800;28 10:19;2
10413;1,06;107,3580;28 10:29;10
10563;1,07;109,9260;28 11:23;1
10581;1,09;112,5420;28 11:29;1
10640;1,12;115,2300;28 11:51;1
10735;1,15;116,8400;28 12:20;2
10890;1,16;118,4640;28 13:13;2
11115;1,18;119,6520;28 14:30;5
11225;1,19;120,8580;28 15:09;6
11420;1,20;122,0700;28 16:21;4
11584;1,22;124,9980;28 17:21;1
11704;1,24;126,2560;28 18:06;6
11803;1,26;127,5280;28 18:41;3
11864;1,27;130,5760;28 19:03;1
12042;1,30;132,3960;28 20:07;2
12101;1,32;133,7160;28 20:25;3
12285;1,33;135,0640;28 21:26;8
12375;1,35;138,3040;28 21:55;1
12459;1,38;141,6160;28 22:22;1
12502;1,41;143,0460;28 22:36;10
12665;1,43;144,4920;28 23:31;4
12803;1,44;147,9480;29 00:22;1
12944;1,47;149,4240;29 01:05;3
12961;1,49;150,9360;29 01:09;7
13395;1,50;153,0360;29 03:34;2
13423;1,53;154,5840;29 03:43;3
13598;1,54;156,7400;29 04:44;2
13657;1,56;158,3000;29 05:05;3
13750;1,58;159,8880;29 05:42;5
13951;1,59;161,4980;29 06:52;5
14063;1,61;163,1180;29 07:31;5
14108;1,63;164,7480;29 07:46;6
14147;1,64;168,6840;29 07:59;1
14275;1,68;171,0360;29 08:41;2
14444;1,71;175,1400;29 09:42;1
14475;1,75;176,9100;29 09:54;5
14602;1,76;178,6700;29 10:36;3
14862;1,78;180,4620;29 12:04;3
14918;1,80;184,7820;29 12:26;1
15084;1,84;187,3580;29 13:24;2
15133;1,87;191,8460;29 13:44;1
15301;1,91;193,7620;29 14:45;3
15317;1,93;195,7140;29 14:51;6
15335;1,95;197,6700;29 14:54;3
15557;1,97;199,6400;29 16:19;5
15680;1,99;201,6320;29 17:04;9
15768;2,01;203,6600;29 17:32;3
15790;2,03;205,7120;29 17:41;6
15829;2,05;208,5820;29 17:59;2
15911;2,08;211,4940;29 18:29;2
15951;2,11;213,6120;29 18:44;8
16051;2,13;215,7440;29 19:24;6
16112;2,15;220,9040;29 19:45;1
16128;2,20;226,1840;29 19:51;1
16151;2,26;228,4540;29 19:57;7
16225;2,28;230,7560;29 20:22;5
16342;2,30;236,2760;29 21:03;1
16449;2,36;238,6360;29 21:39;3
16479;2,38;241,0280;29 21:50;3
16564;2,41;244,4020;29 22:16;2
16648;2,44;246,8640;29 22:47;4
16780;2,46;252,7680;29 23:33;1
16867;2,52;258,8160;30 00:04;1
16999;2,58;261,4060;30 00:49;11
17047;2,61;265,0600;30 01:07;2
17128;2,65;268,7700;30 01:33;2
17283;2,68;272,5220;30 02:28;2
17353;2,72;279,0500;30 02:52;1
17387;2,79;281,8460;30 03:04;3
17431;2,81;284,6740;30 03:19;3
17505;2,84;287,5340;30 03:47;12
17613;2,87;294,4220;30 04:26;1
17714;2,94;301,4780;30 05:03;1
17747;3,01;304,4980;30 05:12;12
17892;3,04;307,5400;30 06:06;5
18051;3,07;314,9080;30 07:02;1
18141;3,14;322,4440;30 07:35;1
18153;3,22;330,1720;30 07:38;1
18280;3,30;333,4720;30 08:20;12
18374;3,33;338,1340;30 08:50;2
18491;3,38;342,8660;30 09:33;2
18541;3,42;347,6540;30 09:48;2
18679;3,47;351,1280;30 10:39;5
18809;3,51;359,5520;30 11:25;1
18945;3,59;364,5780;30 12:14;2
19203;3,64;368,2240;30 13:46;7
19397;3,68;377,0560;30 14:58;1
19534;3,77;380,8440;30 15:50;5
19575;3,80;384,6480;30 16:04;6
19659;3,84;388,4980;30 16:35;8
19689;3,88;392,3880;30 16:44;7
19924;3,92;396,3180;30 18:09;11
19961;3,96;401,8620;30 18:21;2
20231;4,01;405,8760;30 20:06;9
20255;4,05;415,5960;30 20:14;1
20426;4,15;419,7600;30 21:17;6
20605;4,19;423,9640;30 22:18;8
20759;4,23;428,2000;30 23:13;3
20789;4,28;432,4800;30 23:23;3
20974;4,32;442,8480;31 00:28;1
21067;4,42;447,2800;31 00:58;3
21123;4,47;451,7700;31 01:16;6
21141;4,51;462,5940;31 01:22;1
21183;4,62;469,0620;31 01:35;2
21323;4,69;480,3180;31 02:27;1
21397;4,80;485,1400;31 02:47;9
21639;4,85;491,9300;31 04:07;2
21662;4,91;498,8040;31 04:14;2
21944;4,98;505,7760;31 05:59;2
21959;5,05;517,8960;31 06:04;1
22151;5,17;523,0760;31 07:16;7
22207;5,23;530,3980;31 07:36;2
22233;5,30;535,7100;31 07:46;3
22309;5,35;543,2000;31 08:13;2
22344;5,43;548,6380;31 08:26;4
22364;5,48;561,7900;31 08:33;1
22383;5,61;567,4020;31 08:39;5
22510;5,67;581,0100;31 09:24;1
22655;5,81;586,8400;31 10:17;4
22705;5,86;592,7020;31 10:35;4
22876;5,92;600,9900;31 11:40;2
22952;6,00;609,3900;31 12:05;2
23092;6,09;617,9160;31 12:52;2
23252;6,17;632,7240;31 13:48;1
23347;6,32;647,8920;31 14:21;1
23364;6,47;663,4200;31 14:26;1
23458;6,63;670,0720;31 14:59;6
23476;6,70;676,7800;31 15:04;4
23511;6,76;693,0040;31 15:15;1
23601;6,93;702,7060;31 15:49;2
23650;7,02;709,7340;31 16:06;5
23710;7,09;716,8420;31 16:28;3
23796;7,16;726,8660;31 16:56;2
23919;7,26;734,1340;31 17:40;5
23992;7,34;751,7500;;1
24032;7,51;759,2700;;6
24061;7,59;777,4860;;1
24144;7,77;785,2740;;3
24203;7,85;793,1280;;6
24273;7,93;801,0680;;4
24363;8,01;809,0840;;4
24384;8,09;820,4100;;2
24528;8,20;831,8900;;2
24540;8,31;843,5240;;2
24729;8,43;855,3260;;2
24778;8,55;875,8460;;1
24853;8,75;896,8460;;1
24976;8,96;905,8060;;12
25160;9,05;918,4760;;2
25180;9,18;927,6760;;9
25276;9,27;949,9240;;1
25313;9,49;963,2100;;2
25445;9,63;986,3220;;1
25478;9,86;996,1940;;3
25546;9,96;1010,1380;;2
25621;10,10;1020,2500;;12
25729;10,20;1044,7300;;1
25761;10,44;1055,1700;;3
25825;10,55;1065,7260;;3
25904;10,65;1080,6360;;2
25962;10,80;1106,5560;;1
26095;11,06;1122,0400;;2
26120;11,22;1137,7480;;2
26285;11,37;1149,1240;;4
26400;11,49;1176,7000;;1
26529;11,76;1193,1640;;2
26580;11,93;1205,1120;;3
26740;12,05;1217,1800;;3
26888;12,17;1229,3640;;4
26915;12,29;1241,6720;;3
26958;12,41;1254,0880;;5
27053;12,54;1266,6460;;5
27137;12,66;1297,0300;;1
27378;12,97;1315,1880;;2
27399;13,15;1333,5980;;2
27427;13,33;1346,9320;;4
27541;13,46;1360,3980;;4
27610;13,60;1379,4380;;2
27624;13,79;1393,2500;;4
27655;13,93;1407,1980;;3
28040;14,07;1421,2680;;5
28111;14,21;1441,1620;;2
28220;14,41;1461,3360;;2
