id входа;id;начальная ставка;депозит после цикла;Время;порядковый номер шага;результат;депозит до цикла;полный стоп;3 стопа;3 стопа % депозита
55;61;0,49;50,5216;25 21:28;7;выигрыш;50,0000;10,81;32,43;64,8600
402;406;0,49;51,0336;25 23:27;5;выигрыш;50,5216;10,81;32,43;64,1904
710;719;0,50;51,5508;26 01:17;10;выигрыш;51,0336;11,00;33,00;64,6633
1554;1564;0,50;52,0708;26 06:01;11;выигрыш;51,5508;11,00;33,00;64,0145
1626;1627;0,51;53,6620;26 06:23;2;выигрыш;52,0708;11,19;33,57;64,4699
2280;2280;0,52;55,8044;26 10:07;1;выигрыш;53,6620;11,46;34,38;64,0677
2633;2633;0,54;58,0292;26 12:12;1;выигрыш;55,8044;11,90;35,70;63,9735
3223;3223;0,56;60,3364;26 15:45;1;выигрыш;58,0292;12,32;36,96;63,6921
3590;3600;0,59;60,9656;26 18:09;11;выигрыш;60,3364;12,99;38,97;64,5879
4388;4390;0,60;62,2376;26 23:19;3;выигрыш;60,9656;13,20;39,60;64,9547
4640;4641;0,61;64,1408;27 00:50;2;выигрыш;62,2376;13,44;40,32;64,7840
4686;4687;0,63;66,1064;27 01:05;2;выигрыш;64,1408;13,88;41,64;64,9197
4776;4786;0,65;51,8164;27 01:35;11;стоп;66,1064;14,29;42,87;64,8500
5583;5591;0,51;52,3340;27 06:09;9;выигрыш;51,8164;11,19;33,57;64,7864
5845;5848;0,51;52,9052;27 07:44;4;выигрыш;52,3340;11,19;33,57;64,1457
6144;6144;0,52;55,0476;27 09:35;1;выигрыш;52,9052;11,46;34,38;64,9842
6289;6289;0,54;57,2724;27 10:26;1;выигрыш;55,0476;11,90;35,70;64,8530
6344;6345;0,56;59,0196;27 10:42;2;выигрыш;57,2724;12,32;36,96;64,5337
6829;6829;0,58;61,4092;27 13:38;1;выигрыш;59,0196;12,76;38,28;64,8598
6929;6934;0,60;62,0284;27 14:14;6;выигрыш;61,4092;13,20;39,60;64,4855
7412;7414;0,60;63,3004;27 17:07;3;выигрыш;62,0284;13,20;39,60;63,8417
7464;7472;0,62;63,9576;27 17:25;9;выигрыш;63,3004;13,65;40,95;64,6915
7921;7922;0,62;65,8920;27 20:09;2;выигрыш;63,9576;13,65;40,95;64,0268
8410;8420;0,64;66,5576;27 23:08;11;выигрыш;65,8920;14,08;42,24;64,1049
9073;9082;0,65;67,2196;28 02:54;10;выигрыш;66,5576;14,29;42,87;64,4104
9452;9460;0,66;67,8800;28 05:01;9;выигрыш;67,2196;14,53;43,59;64,8472
9666;9670;0,66;68,5772;28 06:13;5;выигрыш;67,8800;14,53;43,59;64,2163
9798;9798;0,67;71,3376;28 06:56;1;выигрыш;68,5772;14,73;44,19;64,4383
10241;10249;0,70;72,0724;28 09:35;9;выигрыш;71,3376;15,39;46,17;64,7204
11121;11122;0,70;74,2564;28 14:32;2;выигрыш;72,0724;15,39;46,17;64,0606
11427;11434;0,73;75,0016;28 16:27;8;выигрыш;74,2564;16,06;48,18;64,8833
12126;12135;0,74;75,7520;28 20:37;10;выигрыш;75,0016;16,24;48,72;64,9586
12288;12291;0,74;76,5808;28 21:28;4;выигрыш;75,7520;16,24;48,72;64,3151
12503;12508;0,75;77,3576;28 22:38;6;выигрыш;76,5808;16,53;49,59;64,7551
12805;12814;0,76;78,1476;29 00:25;10;выигрыш;77,3576;16,71;50,13;64,8029
12861;12861;0,77;81,3200;29 00:39;1;выигрыш;78,1476;16,92;50,76;64,9540
12929;12929;0,80;84,6160;29 01:01;1;выигрыш;81,3200;17,58;52,74;64,8549
13056;13058;0,83;86,3756;29 01:41;3;выигрыш;84,6160;18,23;54,69;64,6332
13179;13182;0,85;87,3276;29 02:22;4;выигрыш;86,3756;18,68;56,04;64,8794
13514;13514;0,86;90,8708;29 04:16;1;выигрыш;87,3276;18,89;56,67;64,8936
14028;14031;0,89;91,8676;29 07:19;4;выигрыш;90,8708;19,58;58,74;64,6412
14481;14484;0,90;92,8756;29 09:54;4;выигрыш;91,8676;19,75;59,25;64,4950
14584;14585;0,91;95,7148;29 10:30;2;выигрыш;92,8756;20,00;60,00;64,6025
14862;14865;0,94;96,7676;29 12:05;4;выигрыш;95,7148;20,65;61,95;64,7235
15563;15566;0,95;97,8316;29 16:22;4;выигрыш;96,7676;20,86;62,58;64,6704
15677;15680;0,96;98,9068;29 17:04;4;выигрыш;97,8316;21,09;63,27;64,6724
15771;15771;0,97;102,9032;29 17:34;1;выигрыш;98,9068;21,30;63,90;64,6063
16487;16497;1,01;80,7332;29 21:55;11;стоп;102,9032;22,17;66,51;64,6336
16992;16999;0,79;81,5452;30 00:49;8;выигрыш;80,7332;17,37;52,11;64,5459
17137;17140;0,80;82,4412;30 01:36;4;выигрыш;81,5452;17,58;52,74;64,6758
17499;17505;0,81;83,2848;30 03:47;7;выигрыш;82,4412;17,82;53,46;64,8462
17746;17747;0,82;85,8432;30 05:12;2;выигрыш;83,2848;18,00;54,00;64,8378
17891;17892;0,84;88,4640;30 06:06;2;выигрыш;85,8432;18,43;55,29;64,4081
17971;17971;0,87;92,0484;30 06:34;1;выигрыш;88,4640;19,13;57,39;64,8738
18148;18158;0,90;92,9832;30 07:40;11;выигрыш;92,0484;19,75;59,25;64,3683
18279;18280;0,91;95,8224;30 08:20;2;выигрыш;92,9832;20,00;60,00;64,5278
18550;18551;0,94;98,7552;30 09:52;2;выигрыш;95,8224;20,65;61,95;64,6509
19105;19111;0,97;99,7648;30 13:17;7;выигрыш;98,7552;21,30;63,90;64,7055
19207;19213;0,98;100,7556;30 13:50;7;выигрыш;99,7648;21,48;64,44;64,5919
19572;19577;0,99;101,7656;30 16:07;6;выигрыш;100,7556;21,76;65,28;64,7904
19662;19663;1,00;104,8856;30 16:35;2;выигрыш;101,7656;21,96;65,88;64,7370
19684;19689;1,03;105,9428;30 16:44;6;выигрыш;104,8856;22,61;67,83;64,6705
19923;19924;1,04;109,1876;30 18:09;2;выигрыш;105,9428;22,85;68,55;64,7047
20233;20235;1,07;111,4560;30 20:08;3;выигрыш;109,1876;23,48;70,44;64,5128
20428;20432;1,09;112,5756;30 21:19;5;выигрыш;111,4560;23,94;71,82;64,4380
20599;20605;1,11;113,7164;30 22:18;7;выигрыш;112,5756;24,35;73,05;64,8897
21123;21123;1,12;118,3308;31 01:16;1;выигрыш;113,7164;24,55;73,65;64,7664
21334;21338;1,16;119,5000;31 02:30;5;выигрыш;118,3308;25,44;76,32;64,4972
21953;21959;1,17;120,6940;31 06:04;7;выигрыш;119,5000;25,67;77,01;64,4435
22374;22383;1,19;121,9200;31 08:39;10;выигрыш;120,6940;26,13;78,39;64,9494
22549;22549;1,20;126,8640;31 09:37;1;выигрыш;121,9200;26,37;79,11;64,8868
23154;23155;1,25;130,7640;31 13:13;2;выигрыш;126,8640;27,42;82,26;64,8411
23306;23313;1,29;132,0652;31 14:09;8;выигрыш;130,7640;28,28;84,84;64,8802
23899;23904;1,30;133,4016;31 17:36;6;выигрыш;132,0652;28,52;85,56;64,7862
24002;24007;1,31;134,7292;31 18:11;6;выигрыш;133,4016;28,72;86,16;64,5869
24035;24041;1,33;136,0792;31 18:21;7;выигрыш;134,7292;29,18;87,54;64,9748
24152;24162;1,34;106,6692;31 19:02;11;стоп;136,0792;29,41;88,23;64,8372
24370;24371;1,05;109,9452;31 20:22;2;выигрыш;106,6692;23,06;69,18;64,8547
24975;24976;1,08;113,3148;31 23:53;2;выигрыш;109,9452;23,73;71,19;64,7504
25620;25621;1,12;116,8092;1 03:36;2;выигрыш;113,3148;24,55;73,65;64,9959
25829;25833;1,15;117,9772;1 04:43;5;выигрыш;116,8092;25,24;75,72;64,8237
26283;26285;1,16;120,4364;1 07:21;3;выигрыш;117,9772;25,44;76,32;64,6905
26741;26745;1,18;121,6492;1 10:04;5;выигрыш;120,4364;25,92;77,76;64,5652
27750;27754;1,19;122,8632;1 16:10;5;выигрыш;121,6492;26,13;78,39;64,4394
28112;28114;1,21;125,4284;1 18:25;3;выигрыш;122,8632;26,53;79,59;64,7794
28321;28327;1,23;126,6656;1 19:40;7;выигрыш;125,4284;26,98;80,94;64,5308
28354;28356;1,25;129,3156;1 19:49;3;выигрыш;126,6656;27,42;82,26;64,9427
28793;28793;1,27;134,5480;1 22:27;1;выигрыш;129,3156;27,89;83,67;64,7022
29098;29100;1,32;137,3464;2 00:11;3;выигрыш;134,5480;28,99;86,97;64,6386
29879;29879;1,35;142,9084;2 04:42;1;выигрыш;137,3464;29,61;88,83;64,6759
30392;30393;1,41;147,3076;2 07:40;2;выигрыш;142,9084;30,93;92,79;64,9297
30716;30718;1,45;150,3816;2 09:36;3;выигрыш;147,3076;31,76;95,28;64,6810
30950;30954;1,48;151,8776;2 10:59;5;выигрыш;150,3816;32,48;97,44;64,7952
31578;31578;1,50;158,0576;2 14:36;1;выигрыш;151,8776;32,90;98,70;64,9865
31710;31715;1,56;159,6408;2 15:22;6;выигрыш;158,0576;34,22;102,66;64,9510
31747;31747;1,57;166,1092;2 15:32;1;выигрыш;159,6408;34,44;103,32;64,7203
31887;31891;1,64;167,7892;2 16:22;5;выигрыш;166,1092;35,98;107,94;64,9813
32673;32682;1,65;169,4532;2 21:24;10;выигрыш;167,7892;36,20;108,60;64,7241
33090;33091;1,67;174,6636;2 23:48;2;выигрыш;169,4532;36,61;109,83;64,8144
33127;33127;1,72;181,7500;3 00:00;1;выигрыш;174,6636;37,70;113,10;64,7530
33701;33703;1,79;185,5448;3 03:11;3;выигрыш;181,7500;39,25;117,75;64,7868
34153;34153;1,83;193,0844;3 05:48;1;выигрыш;185,5448;40,14;120,42;64,9008
34245;34249;1,90;195,0016;3 06:20;5;выигрыш;193,0844;41,65;124,95;64,7126
34382;34385;1,92;197,1520;3 07:13;4;выигрыш;195,0016;42,10;126,30;64,7687
34502;34503;1,94;203,2048;3 07:53;2;выигрыш;197,1520;42,53;127,59;64,7166
34717;34727;2,00;205,2400;3 09:07;11;выигрыш;203,2048;43,84;131,52;64,7229
35320;35330;2,02;160,9600;3 12:42;11;стоп;205,2400;44,28;132,84;64,7242
35594;35595;1,59;165,9208;3 14:15;2;выигрыш;160,9600;34,85;104,55;64,9540
35869;35870;1,63;171,0064;3 15:56;2;выигрыш;165,9208;35,72;107,16;64,5850
35976;35979;1,68;172,8880;3 16:34;4;выигрыш;171,0064;36,84;110,52;64,6292
37447;37449;1,70;176,4920;4 01:14;3;выигрыш;172,8880;37,28;111,84;64,6893
37531;37541;1,74;178,2680;4 01:43;11;выигрыш;176,4920;38,16;114,48;64,8641
37975;37979;1,76;180,0448;4 04:20;5;выигрыш;178,2680;38,61;115,83;64,9752
38029;38031;1,77;183,7972;4 04:36;3;выигрыш;180,0448;38,78;116,34;64,6173
38281;38282;1,81;189,4444;4 06:04;2;выигрыш;183,7972;39,70;119,10;64,7997
39151;39155;1,87;191,3168;4 11:17;5;выигрыш;189,4444;40,98;122,94;64,8950
39176;39176;1,89;199,1036;4 11:23;1;выигрыш;191,3168;41,44;124,32;64,9812
39284;39293;1,96;201,0808;4 12:04;10;выигрыш;199,1036;42,94;128,82;64,7000
39326;39333;1,98;203,0752;4 12:16;8;выигрыш;201,0808;43,41;130,23;64,7650
39628;39629;2,00;209,3152;4 14:10;2;выигрыш;203,0752;43,84;131,52;64,7642
39684;39686;2,06;213,6824;4 14:28;3;выигрыш;209,3152;45,14;135,42;64,6967
39908;39918;2,11;215,8164;4 15:52;11;выигрыш;213,6824;46,25;138,75;64,9328
40401;40406;2,13;217,9728;4 18:48;6;выигрыш;215,8164;46,70;140,10;64,9163
40433;40437;2,15;220,1260;4 18:59;5;выигрыш;217,9728;47,14;141,42;64,8797
40458;40458;2,17;229,0664;4 19:06;1;выигрыш;220,1260;47,61;142,83;64,8856
40584;40584;2,26;238,3776;4 19:50;1;выигрыш;229,0664;49,58;148,74;64,9331
40948;40949;2,35;245,7096;4 22:01;2;выигрыш;238,3776;51,50;154,50;64,8131
40988;40991;2,42;248,4200;4 22:15;4;выигрыш;245,7096;53,05;159,15;64,7716
41025;41029;2,45;250,8976;4 22:26;5;выигрыш;248,4200;53,70;161,10;64,8499
42085;42090;2,47;253,3852;5 04:36;6;выигрыш;250,8976;54,13;162,39;64,7236
42498;42508;2,50;198,5952;5 06:58;11;стоп;253,3852;54,79;164,37;64,8696
43062;43065;1,96;200,7904;5 10:06;4;выигрыш;198,5952;42,94;128,82;64,8656
43211;43215;1,98;202,7996;5 10:58;5;выигрыш;200,7904;43,41;130,23;64,8587
43282;43282;2,00;211,0396;5 11:19;1;выигрыш;202,7996;43,84;131,52;64,8522
43535;43543;2,08;213,1332;5 12:54;9;выигрыш;211,0396;45,60;136,80;64,8220
44018;44027;2,10;215,2716;5 15:46;10;выигрыш;213,1332;46,02;138,06;64,7764
44474;44477;2,12;217,6460;5 18:29;4;выигрыш;215,2716;46,48;139,44;64,7740
44917;44927;2,15;170,5060;5 21:11;11;стоп;217,6460;47,14;141,42;64,9771
45359;45360;1,68;175,7476;6 07:28;2;выигрыш;170,5060;36,84;110,52;64,8188
45417;45419;1,73;179,4152;6 07:47;3;выигрыш;175,7476;37,93;113,79;64,7463
45646;45647;1,77;184,9376;6 09:00;2;выигрыш;179,4152;38,78;116,34;64,8440
45791;45797;1,82;186,7880;6 09:51;7;выигрыш;184,9376;39,90;119,70;64,7245
45908;45908;1,84;194,3688;6 10:30;1;выигрыш;186,7880;40,37;121,11;64,8382
46331;46332;1,92;200,3592;6 12:56;2;выигрыш;194,3688;42,10;126,30;64,9796
46646;46653;1,98;202,3536;6 14:49;8;выигрыш;200,3592;43,41;130,23;64,9983
46679;46689;2,00;158,5136;6 15:00;11;стоп;202,3536;43,84;131,52;64,9951
47180;47188;1,56;160,1072;6 18:06;9;выигрыш;158,5136;34,22;102,66;64,7642
47244;47246;1,58;163,4568;6 18:26;3;выигрыш;160,1072;34,66;103,98;64,9440
48524;48524;1,61;170,0900;7 01:39;1;выигрыш;163,4568;35,29;105,87;64,7694
48856;48862;1,68;171,8092;7 03:39;7;выигрыш;170,0900;36,84;110,52;64,9774
49023;49024;1,69;177,0820;7 04:34;2;выигрыш;171,8092;37,10;111,30;64,7812
49315;49319;1,74;178,8564;7 06:13;5;выигрыш;177,0820;38,16;114,48;64,6480
49505;49505;1,76;186,1076;7 07:16;1;выигрыш;178,8564;38,61;115,83;64,7615
49805;49805;1,83;193,6472;7 08:57;1;выигрыш;186,1076;40,14;120,42;64,7045
50509;50511;1,91;197,6964;7 13:10;3;выигрыш;193,6472;41,89;125,67;64,8964
52431;52434;1,95;199,8804;8 00:29;4;выигрыш;197,6964;42,76;128,28;64,8874
52891;52895;1,97;201,8884;8 03:09;5;выигрыш;199,8804;43,21;129,63;64,8538
53043;53044;1,99;208,0972;8 03:58;2;выигрыш;201,8884;43,64;130,92;64,8477
54765;54766;2,05;214,4932;8 14:28;2;выигрыш;208,0972;44,93;134,79;64,7726
55013;55014;2,11;221,0764;8 16:00;2;выигрыш;214,4932;46,25;138,75;64,6874
55071;55071;2,18;230,0580;8 16:20;1;выигрыш;221,0764;47,77;143,31;64,8237
55141;55141;2,27;239,4104;8 16:49;1;выигрыш;230,0580;49,76;149,28;64,8880
55277;55277;2,36;249,1336;8 17:43;1;выигрыш;239,4104;51,73;155,19;64,8217
55593;55600;2,46;251,6124;8 19:39;8;выигрыш;249,1336;53,91;161,73;64,9170
55941;55944;2,48;254,3900;8 21:44;4;выигрыш;251,6124;54,37;163,11;64,8259
56016;56016;2,51;264,7312;8 22:07;1;выигрыш;254,3900;54,98;164,94;64,8375
56082;56090;2,61;267,3796;8 22:32;9;выигрыш;264,7312;57,19;171,57;64,8091
56506;56516;2,64;209,5096;9 00:57;11;стоп;267,3796;57,87;173,61;64,9302
57435;57438;2,07;211,8280;9 06:21;4;выигрыш;209,5096;45,38;136,14;64,9803
57670;57673;2,09;214,1688;9 07:37;4;выигрыш;211,8280;45,81;137,43;64,8781
58519;58526;2,11;216,2792;9 12:36;8;выигрыш;214,1688;46,25;138,75;64,7853
58711;58716;2,13;218,4356;9 13:49;6;выигрыш;216,2792;46,70;140,10;64,7774
58758;58760;2,15;222,9936;9 14:05;3;выигрыш;218,4356;47,14;141,42;64,7422
58787;58788;2,20;229,8576;9 14:14;2;выигрыш;222,9936;48,20;144,60;64,8449
59230;59235;2,27;232,1492;9 16:58;6;выигрыш;229,8576;49,76;149,28;64,9446
59518;59518;2,29;241,5840;9 18:41;1;выигрыш;232,1492;50,18;150,54;64,8462
59938;59938;2,38;251,3896;9 21:14;1;выигрыш;241,5840;52,14;156,42;64,7477
60004;60007;2,48;254,1672;9 21:36;4;выигрыш;251,3896;54,37;163,11;64,8834
60105;60109;2,51;256,6932;9 22:09;5;выигрыш;254,1672;54,98;164,94;64,8943
60370;60379;2,53;259,2576;9 23:40;10;выигрыш;256,6932;55,46;166,38;64,8167
60404;60404;2,56;269,8048;9 23:48;1;выигрыш;259,2576;56,10;168,30;64,9161
60459;60464;2,66;272,4972;10 00:08;6;выигрыш;269,8048;58,28;174,84;64,8024
60610;60613;2,69;275,5100;10 00:58;4;выигрыш;272,4972;58,94;176,82;64,8887
60948;60950;2,72;281,2764;10 02:58;3;выигрыш;275,5100;59,63;178,89;64,9305
61070;61072;2,78;287,1700;10 03:39;3;выигрыш;281,2764;60,94;182,82;64,9966
61121;61131;2,84;224,9500;10 03:56;11;стоп;287,1700;62,22;186,66;64,9998
61208;61214;2,22;227,2004;10 04:23;7;выигрыш;224,9500;48,66;145,98;64,8944
61512;61513;2,24;234,1892;10 06:03;2;выигрыш;227,2004;49,06;147,18;64,7798
61733;61733;2,31;243,7064;10 07:18;1;выигрыш;234,1892;50,65;151,95;64,8834
62199;62205;2,40;246,1376;10 10:07;7;выигрыш;243,7064;52,62;157,86;64,7747
62317;62317;2,43;256,1492;10 10:47;1;выигрыш;246,1376;53,24;159,72;64,8905
62823;62830;2,53;258,6872;10 13:46;8;выигрыш;256,1492;55,46;166,38;64,9543
63125;63125;2,55;269,1932;10 15:22;1;выигрыш;258,6872;55,89;167,67;64,8157
63352;63352;2,66;280,1524;10 16:55;1;выигрыш;269,1932;58,28;174,84;64,9496
63525;63525;2,76;291,5236;10 17:55;1;выигрыш;280,1524;60,47;181,41;64,7540
64094;64104;2,88;228,3936;10 21:17;11;стоп;291,5236;63,13;189,39;64,9656
64164;64164;2,25;237,6636;10 21:36;1;выигрыш;228,3936;49,34;148,02;64,8092
64260;64261;2,34;244,9644;10 22:12;2;выигрыш;237,6636;51,26;153,78;64,7049
64330;64339;2,42;247,4008;10 22:38;10;выигрыш;244,9644;53,05;159,15;64,9686
64495;64496;2,44;255,0136;10 23:28;2;выигрыш;247,4008;53,49;160,47;64,8624
65296;65299;2,52;257,8360;11 03:57;4;выигрыш;255,0136;55,23;165,69;64,9730
65375;65384;2,54;260,4152;11 04:27;10;выигрыш;257,8360;55,70;167,10;64,8086
66005;66010;2,57;263,0008;11 08:04;6;выигрыш;260,4152;56,29;168,87;64,8464
66507;66507;2,59;273,6716;11 11:04;1;выигрыш;263,0008;56,75;170,25;64,7336
66641;66648;2,70;276,3976;11 11:51;8;выигрыш;273,6716;59,18;177,54;64,8734
66803;66803;2,73;287,6452;11 12:46;1;выигрыш;276,3976;59,81;179,43;64,9174
66871;66873;2,84;293,6660;11 13:12;3;выигрыш;287,6452;62,22;186,66;64,8924
67112;67114;2,90;299,8140;11 14:37;3;выигрыш;293,6660;63,52;190,56;64,8900
67386;67389;2,96;303,1292;11 16:16;4;выигрыш;299,8140;64,88;194,64;64,9203
67479;67486;2,99;306,1356;11 16:53;8;выигрыш;303,1292;65,48;196,44;64,8041
67845;67847;3,02;312,5380;11 18:59;3;выигрыш;306,1356;66,17;198,51;64,8438
68137;68137;3,09;325,2688;11 20:39;1;выигрыш;312,5380;67,71;203,13;64,9937
68340;68340;3,21;338,4940;11 21:52;1;выигрыш;325,2688;70,33;210,99;64,8664
68544;68550;3,34;341,8664;11 23:03;7;выигрыш;338,4940;73,18;219,54;64,8579
68869;68872;3,38;345,6520;12 00:56;4;выигрыш;341,8664;74,03;222,09;64,9640
69573;69581;3,41;349,0776;12 05:03;9;выигрыш;345,6520;74,70;224,10;64,8340
70125;70131;3,45;352,5340;12 08:14;7;выигрыш;349,0776;75,57;226,71;64,9454
70289;70294;3,48;356,0140;12 09:08;6;выигрыш;352,5340;76,22;228,66;64,8618
71391;71391;3,51;370,4752;12 15:41;1;выигрыш;356,0140;76,89;230,67;64,7924
72159;72160;3,66;381,8944;12 20:23;2;выигрыш;370,4752;80,20;240,60;64,9436
72814;72817;3,77;386,1168;13 00:14;4;выигрыш;381,8944;82,57;247,71;64,8635
73144;73151;3,81;389,9324;13 02:05;8;выигрыш;386,1168;83,46;250,38;64,8457
73341;73348;3,85;393,8200;13 03:13;8;выигрыш;389,9324;84,34;253,02;64,8882
73585;73590;3,89;397,7144;13 04:39;6;выигрыш;393,8200;85,22;255,66;64,9180
74252;74255;3,93;402,1160;13 08:38;4;выигрыш;397,7144;86,06;258,18;64,9159
74312;74312;3,97;418,4724;13 08:59;1;выигрыш;402,1160;86,94;260,82;64,8619
74478;74481;4,13;423,0980;13 09:58;4;выигрыш;418,4724;90,48;271,44;64,8645
74652;74653;4,18;436,1396;13 11:01;2;выигрыш;423,0980;91,56;274,68;64,9211
75058;75068;4,31;341,7096;13 13:24;11;стоп;436,1396;94,43;283,29;64,9540
75509;75510;3,38;352,2552;13 16:06;2;выигрыш;341,7096;74,03;222,09;64,9938
76038;76039;3,48;363,1128;13 19:20;2;выигрыш;352,2552;76,22;228,66;64,9132
76233;76233;3,59;377,9036;13 20:25;1;выигрыш;363,1128;78,65;235,95;64,9798
76386;76387;3,73;389,5412;13 21:21;2;выигрыш;377,9036;81,71;245,13;64,8657
76934;76934;3,85;405,4032;14 00:21;1;выигрыш;389,5412;84,34;253,02;64,9533
76970;76970;4,01;421,9244;14 00:32;1;выигрыш;405,4032;87,83;263,49;64,9946
77151;77156;4,17;426,1304;14 01:36;6;выигрыш;421,9244;91,39;274,17;64,9808
77407;77410;4,21;430,8456;14 02:59;4;выигрыш;426,1304;92,18;276,54;64,8956
77473;77475;4,26;439,8768;14 03:19;3;выигрыш;430,8456;93,30;279,90;64,9653
77508;77512;4,35;444,2304;14 03:31;5;выигрыш;439,8768;95,27;285,81;64,9750
77768;77774;4,39;448,6592;14 05:04;7;выигрыш;444,2304;96,18;288,54;64,9528
77982;77985;4,43;453,6208;14 06:19;4;выигрыш;448,6592;97,04;291,12;64,8867
78151;78159;4,48;458,1384;14 07:18;9;выигрыш;453,6208;98,11;294,33;64,8846
78397;78398;4,53;472,2720;14 08:37;2;выигрыш;458,1384;99,22;297,66;64,9716
78537;78537;4,67;491,5124;14 09:25;1;выигрыш;472,2720;102,28;306,84;64,9710
78904;78911;4,86;496,3920;14 11:42;8;выигрыш;491,5124;106,46;319,38;64,9790
79226;79228;4,91;506,8012;14 13:31;3;выигрыш;496,3920;107,51;322,53;64,9749
79328;79328;5,01;527,4424;14 14:11;1;выигрыш;506,8012;109,74;329,22;64,9604
79467;79468;5,21;543,6976;14 15:05;2;выигрыш;527,4424;114,08;342,24;64,8867
80162;80162;5,38;565,8632;14 19:05;1;выигрыш;543,6976;117,80;353,40;64,9994
80414;80415;5,59;583,3040;14 20:45;2;выигрыш;565,8632;122,43;367,29;64,9079
80572;80573;5,77;601,3064;14 21:34;2;выигрыш;583,3040;126,36;379,08;64,9884
81805;81806;5,94;619,8392;15 04:49;2;выигрыш;601,3064;130,06;390,18;64,8887
82442;82445;6,13;626,7048;15 08:22;4;выигрыш;619,8392;134,23;402,69;64,9668
83080;83080;6,19;652,2076;15 12:11;1;выигрыш;626,7048;135,56;406,68;64,8918
83157;83166;6,45;658,6728;15 12:39;10;выигрыш;652,2076;141,21;423,63;64,9532
83329;83337;6,51;665,2160;15 13:35;9;выигрыш;658,6728;142,57;427,71;64,9351
83461;83471;6,58;521,1260;15 14:22;11;стоп;665,2160;144,09;432,27;64,9819
83515;83516;5,15;537,1940;15 14:37;2;выигрыш;521,1260;112,78;338,34;64,9248
83549;83549;5,31;559,0712;15 14:47;1;выигрыш;537,1940;116,28;348,84;64,9374
84769;84769;5,53;581,8548;15 21:57;1;выигрыш;559,0712;121,12;363,36;64,9935
85777;85782;5,75;587,6364;16 03:50;6;выигрыш;581,8548;125,90;377,70;64,9131
86005;86010;5,81;593,4688;16 05:03;6;выигрыш;587,6364;127,25;381,75;64,9636
86063;86065;5,87;605,9132;16 05:21;3;выигрыш;593,4688;128,55;385,65;64,9824
86535;86535;5,99;630,5920;16 08:05;1;выигрыш;605,9132;131,16;393,48;64,9400
87539;87543;6,23;636,8604;16 14:11;5;выигрыш;630,5920;136,41;409,23;64,8962
87919;87919;6,30;662,8164;16 16:29;1;выигрыш;636,8604;137,97;413,91;64,9923
87945;87950;6,55;669,3720;16 16:38;6;выигрыш;662,8164;143,40;430,20;64,9049
88241;88251;6,62;524,4020;16 18:24;11;стоп;669,3720;144,97;434,91;64,9728
89682;89688;5,18;529,6184;17 02:49;7;выигрыш;524,4020;113,47;340,41;64,9139
89810;89810;5,24;551,2072;17 03:32;1;выигрыш;529,6184;114,75;344,25;64,9996
90385;90385;5,45;573,6612;17 06:51;1;выигрыш;551,2072;119,36;358,08;64,9629
90800;90808;5,67;579,3628;17 09:22;9;выигрыш;573,6612;124,21;372,63;64,9565
91194;91198;5,73;585,1180;17 11:38;5;выигрыш;579,3628;125,51;376,53;64,9904
92026;92028;5,78;597,3716;17 16:32;3;выигрыш;585,1180;126,56;379,68;64,8895
92150;92153;5,90;603,9796;17 17:15;4;выигрыш;597,3716;129,23;387,69;64,8993
92212;92222;5,97;473,2296;17 17:39;11;стоп;603,9796;130,75;392,25;64,9442
92331;92332;4,68;487,8312;17 18:18;2;выигрыш;473,2296;102,50;307,50;64,9790
